{
    "metrics": {
        "vus_max": {
            "value": 20,
            "min": 20,
            "max": 20
        },
        "http_req_duration{expected_response:true}": {
            "p(90)": 731.8497000000001,
            "p(95)": 1604.1108999999994,
            "avg": 386.2717655571622,
            "min": 207.865,
            "med": 246.614,
            "max": 3236.195
        },
        "iteration_duration": {
            "avg": 2099.9776879153414,
            "min": 1600.65225,
            "med": 1700.673521,
            "max": 50922.2415,
            "p(90)": 2236.0048499,
            "p(95)": 3144.346039199999
        },
        "data_sent": {
            "count": 1652872,
            "rate": 5314.332088466901
        },
        "http_req_blocked": {
            "p(90)": 480.9324,
            "p(95)": 524.3182999999999,
            "avg": 712.1536722141817,
            "min": 386.064,
            "med": 446.532,
            "max": 46891.015
        },
        "http_reqs": {
            "rate": 8.88684295730251,
            "count": 2764
        },
        "http_req_waiting": {
            "med": 246.2165,
            "max": 3235.967,
            "p(90)": 704.2481,
            "p(95)": 1573.39115,
            "avg": 380.82297358900223,
            "min": 207.72
        },
        "data_received": {
            "count": 42794884,
            "rate": 137594.5779609182
        },
        "http_req_tls_handshaking": {
            "p(95)": 257.4282499999999,
            "avg": 490.0349153400865,
            "min": 195.443,
            "med": 227.285,
            "max": 46528.79,
            "p(90)": 244.4862
        },
        "iterations": {
            "rate": 8.88684295730251,
            "count": 2764
        },
        "http_req_connecting": {
            "avg": 221.7396085383501,
            "min": 188.017,
            "med": 218.695,
            "max": 1258.061,
            "p(90)": 233.88580000000002,
            "p(95)": 238.5566
        },
        "http_req_receiving": {
            "avg": 5.402629522431269,
            "min": 0.03,
            "med": 0.163,
            "max": 1901.764,
            "p(90)": 2.4229000000000003,
            "p(95)": 12.829999999999973
        },
        "checks": {
            "passes": 5290,
            "fails": 238,
            "thresholds": {
                "rate>0.95": false
            },
            "value": 0.9569464544138929
        },
        "http_req_failed": {
            "passes": 0,
            "fails": 2764,
            "thresholds": {
                "rate<0.01": false
            },
            "value": 0
        },
        "vus": {
            "value": 1,
            "min": 0,
            "max": 20
        },
        "http_req_sending": {
            "avg": 0.046162445730825445,
            "min": 0.007,
            "med": 0.035500000000000004,
            "max": 5.544,
            "p(90)": 0.066,
            "p(95)": 0.084
        },
        "http_req_duration": {
            "avg": 386.2717655571622,
            "min": 207.865,
            "med": 246.614,
            "max": 3236.195,
            "p(90)": 731.8497000000001,
            "p(95)": 1604.1108999999994,
            "thresholds": {
                "p(95)<500": true,
                "p(99)<1000": true
            }
        }
    },
    "root_group": {
        "checks": {
            "products returns 200": {
                "name": "products returns 200",
                "path": "::products returns 200",
                "id": "0eb8a579ce7c85aeaa42034ccfbb1046",
                "passes": 2764,
                "fails": 0
            },
            "products response time < 1000ms": {
                "name": "products response time < 1000ms",
                "path": "::products response time < 1000ms",
                "id": "6aef11ce99afa12d2f8fb3443f934183",
                "passes": 2526,
                "fails": 238
            }
        },
        "name": "",
        "path": "",
        "id": "d41d8cd98f00b204e9800998ecf8427e",
        "groups": {}
    }
}